{
  "project_info": {
    "project_number": "135839708154",
    "project_id": "project-79ee2",
    "storage_bucket": "project-79ee2.appspot.com"
  },
  "client": [
    {
      "client_info": {
        "mobilesdk_app_id": "1:135839708154:android:8aaaf2726aa8193deeaa43",
        "android_client_info": {
          "package_name": "com.example.project"
        }
      },
      "oauth_client": [
        {
          "client_id": "135839708154-b95ioseudeeucd00mvna4rpjr91i8e8v.apps.googleusercontent.com",
          "client_type": 3
        }
      ],
      "api_key": [
        {
          "current_key": "AIzaSyCf38Dodv3XQyDymBnGXjuaZAFVNG-BpPc"
        }
      ],
      "services": {
        "appinvite_service": {
          "other_platform_oauth_client": [
            {
              "client_id": "135839708154-b95ioseudeeucd00mvna4rpjr91i8e8v.apps.googleusercontent.com",
              "client_type": 3
            }
          ]
        }
      }
    }
  ],
  "configuration_version": "1"
}